task_id,pass@1,pass@5,pass@10,pass@20
338,0.0,0.0,0.0,0.0
68,0.0,0.0,0.0,0.0
23,0.15000000000000002,0.6008771929824561,0.8947368421052632,1.0
390,0.0,0.0,0.0,0.0
151,0.0,0.0,0.0,0.0
