task_id,pass@1,pass@5,pass@10,pass@20
HumanEval/163,0.0,0.0,0.0,0.0
HumanEval/28,0.06999999999999995,0.3096959097603428,0.5332595856827855,0.8015490030186235
HumanEval/6,0.0,0.0,0.0,0.0
HumanEval/70,0.0,0.0,0.0,0.0
HumanEval/62,0.050000000000000044,0.23041004671159315,0.41624763307384804,0.6806905580101457
