task_id,pass@1,pass@5,pass@10,pass@20
gsm8k_test_1309,0.0,0.0,0.0,0.0
gsm8k_test_228,0.050000000000000044,0.25,0.5,1.0
gsm8k_test_51,0.0,0.0,0.0,0.0
gsm8k_test_563,0.19999999999999996,0.7182662538699691,0.956656346749226,1.0
gsm8k_test_501,0.0,0.0,0.0,0.0
